trial,class_id,num_images,min_area_ratio,k_area,t_area,w_area,w_center,w_border,w_sil,sigmoid_on,sam_mean_iou,ours_mean_iou
1,6,30,0,5.422861054178753,0.3375184856140133,0.06878161350717744,0.03731751207333509,0.4025565496519668,0.5515993724451941,True,0.8503077569536285,0.7760255607999834
2,6,30,0,6.788531470494249,0.5387098351234729,0.7839192309434666,0.17201169425278862,0.10461076610370439,0.7848684287982124,True,0.8503077569536285,0.8376055852503941
3,6,30,0,7.125733876887645,0.0042595468274952974,0.005708752408409835,0.05025359542901977,0.02258744449523163,0.0028332458243147704,True,0.8503077569536285,0.7632649206547819
4,6,30,0,3.9357869397738376,0.265813672785029,0.07307414316419542,0.20179732680602017,0.03160218062046364,0.02075094993414856,True,0.8503077569536285,0.7953472061850728
5,6,30,0,12.118855301247963,0.45781132440057015,0.004270657290765452,0.0007068895285786,0.018377703567749055,0.007191093527820292,True,0.8503077569536285,0.8014668344466366
6,6,30,0,15.860972880657133,0.43873117089032687,0.070872279926625,0.5659987440425434,0.06250252478219939,0.022681082143101012,True,0.8503077569536285,0.7492260727781255
7,6,30,0,14.648568379259041,0.041113888005329,0.15105219338550996,0.8628028498692195,0.47245165149060253,0.16213241757813948,True,0.8503077569536285,0.8141618006105086
8,6,30,0,24.479700799104577,0.6530506651171921,0.4525598625113946,0.22639965730334907,1.0259823941930564,0.24938343123161025,True,0.8503077569536285,0.780675443872116
9,6,30,0,18.42712532968925,0.777578802181385,0.46307126037835195,0.16492405440000335,0.004840020551449942,0.32333724249536,True,0.8503077569536285,0.8376055852503941
10,6,30,0,20.707843693866987,0.8023069503250831,0.013341947841906964,0.09561429466366793,0.0595512213717439,0.07221053844046735,True,0.8503077569536285,0.827727633193611
11,6,30,0,5.796067269734747,0.8242858328912636,0.022529960350908273,0.05841983079770479,0.17113883536625155,0.17262934466379537,True,0.8503077569536285,0.8013614235883517
12,6,30,0,21.4392266271744,0.2661849923185383,0.07592443802704477,0.08184165947934664,0.8404477173153636,0.36081528389095374,True,0.8503077569536285,0.8014668344466366
13,6,30,0,7.326012727667925,0.4779330044093596,0.3785598747863079,0.11278706819433747,0.05588114385387951,0.4420318546997001,True,0.8503077569536285,0.8386590036189954
14,6,30,0,13.153075112269757,0.3754504625920041,0.9509315556738241,0.435011118398713,0.3823123735107174,0.0710032979773241,True,0.8503077569536285,0.7680793694577501
15,6,30,0,20.071107156369223,0.6783577248052625,0.34249815009813106,0.1296905404367679,0.18886892740080496,0.6183695699683209,True,0.8503077569536285,0.8102186571145767
16,6,30,0,3.149100792498704,0.7069959377801579,0.133624152817052,0.039093737803501165,0.23700003091918243,0.1253795835112422,True,0.8503077569536285,0.8014668344466366
17,6,30,0,26.138239727268104,0.9309136604033085,0.10370890514227889,0.387677206176899,0.0641376188824542,0.0012121735433933056,True,0.8503077569536285,0.6768799280979909
18,6,30,0,22.971085711267946,0.6775231251773887,0.6764436486755934,0.1800932474718249,0.47184828241648524,0.49458245716204263,True,0.8503077569536285,0.8013614235883517
19,6,30,0,5.527768742883747,0.7904984182517784,0.30503030671939974,0.6554619038200407,0.266017077689699,0.12513714000215317,True,0.8503077569536285,0.8148208117535521
20,6,30,0,12.882991225998481,0.9138053781190474,0.05980221357262755,0.0733608656960841,0.2651706812720478,0.10880816765076982,True,0.8503077569536285,0.8014668344466366
21,6,30,0,27.588494605797305,0.04929186108373351,0.3751078963641084,0.3717090147492435,0.14135010656700847,0.08289005551907133,True,0.8503077569536285,0.827772868602687
22,6,30,0,18.379330182761795,0.3506045483953595,0.26485363574709236,0.19123342233908716,0.18476397007708015,0.04635903006923252,True,0.8503077569536285,0.7912267373822587
23,6,30,0,3.7184525816703076,0.033364296052981746,0.02680928211538545,0.48233429783072124,0.301990350187029,0.48019017514678086,True,0.8503077569536285,0.827727633193611
24,6,30,0,23.95516844640753,0.850023624512901,0.023424699528212554,0.2809554097025861,0.1202046790265386,0.003437748768853302,True,0.8503077569536285,0.6845872584327901
25,6,30,0,27.8215368719935,0.7090987422959444,0.07759479291304505,0.034731608305608265,0.31562615090002827,0.11596349533058212,True,0.8503077569536285,0.8014668344466366
26,6,30,0,2.5068105357878876,0.04356852760999086,0.0036938422184675268,0.0008556952551152089,0.003373288291246382,0.005400170906286579,True,0.8503077569536285,0.8073795499882629
27,6,30,0,0.09524570938178045,0.6193990813183674,0.031325253753153426,0.07084057934016283,0.17154098830463035,0.7951769733073926,True,0.8503077569536285,0.7215581091985773
28,6,30,0,11.128960519767677,0.41547097025121593,0.1669209817199343,0.08265715865789842,0.08910847529296272,0.14371791389699984,True,0.8503077569536285,0.8298017700927703
29,6,30,0,27.19013446388302,0.008151051591634206,1.2597016196855544,0.20623945536513627,0.026472108265856203,0.012836478668349357,True,0.8503077569536285,0.8274206317163905
30,6,30,0,24.64784661608275,0.16527229656005327,0.6593667574080089,0.8035765052303032,0.04248609227772681,0.12282864470080905,True,0.8503077569536285,0.8243588044789355
31,6,30,0,9.719395276800974,0.9184411763699647,0.2302251727422041,0.6051436989302146,0.11869411577145125,0.27594416636817143,True,0.8503077569536285,0.8278166647679932
32,6,30,0,20.054792941478656,0.09866079639756464,0.8120945665653663,0.023956710983208337,0.14076579314966478,0.7508401755682695,True,0.8503077569536285,0.8386590036189954
33,6,30,0,14.064337234904588,0.20186394397192065,0.04399424378915943,0.03154351082227402,0.053777563875764454,0.05817965758929025,True,0.8503077569536285,0.8297872001705368
34,6,30,0,28.30806833660922,0.3498658334758392,0.05007208485203645,0.012483553098580194,0.1987295828615681,0.0922943720041307,True,0.8503077569536285,0.8014668344466366
35,6,30,0,24.34777058845129,0.5260384564259759,0.007124264222382586,0.010266139188277793,0.000607260140648035,0.00043301164133932016,True,0.8503077569536285,0.7278163140375671
36,6,30,0,24.695296136342872,0.6909202628920496,0.11748842617427291,0.21069035213738097,0.1432180362766696,0.029774835375449775,True,0.8503077569536285,0.7761697446468915
37,6,30,0,9.181154167791997,0.1472104996377348,0.20993644541868312,0.3517781352022584,0.04057983239757634,0.7113179391236728,True,0.8503077569536285,0.8376055852503941
38,6,30,0,4.9149846528859085,0.45156946080291005,0.012414417632229734,0.06842610004715531,0.03082985767265126,0.005672147601664752,True,0.8503077569536285,0.7763611771794114
39,6,30,0,25.830660326154323,0.5834807005924358,0.05558164345601889,0.09494529242772456,0.05925786033505765,0.7633195868388067,True,0.8503077569536285,0.7190489494358746
40,6,30,0,13.297286083374871,0.8192946339307349,0.017220822845952315,0.0018257173820515114,0.004704844889731026,0.0035943749932161612,True,0.8503077569536285,0.8014668344466366
41,6,30,0,12.409377167441724,0.46731481173405176,0.32174493816876154,0.16184867787306584,0.007143853259523526,0.2549215105415597,True,0.8503077569536285,0.8377236428482052
42,6,30,0,15.29610623388041,0.8562271062258023,0.2743747270147549,0.10626602619651075,0.20438408426268362,0.6974085395836803,True,0.8503077569536285,0.7534419371016574
43,6,30,0,22.073124736390685,0.1487441837629776,0.6393079397502258,0.1629853103454845,0.1716779159786222,0.04189225233825905,True,0.8503077569536285,0.8333005849085807
44,6,30,0,5.281246752322502,0.20250800279753467,0.7275530720798653,0.02123824706882535,0.09581580717334445,0.6146073605250564,True,0.8503077569536285,0.8361498438562925
45,6,30,0,22.069943352886806,0.17260332890185603,0.3926769168943806,0.05121955289791708,0.6392169773451745,0.23229224680295985,True,0.8503077569536285,0.8298181493766731
46,6,30,0,28.51238478522336,0.0491331907397915,0.37348302839646114,0.1540314586632416,0.19356676502638256,0.46152768797517374,True,0.8503077569536285,0.8329254685912448
47,6,30,0,15.897622326611781,0.8923030950362842,0.3254153841448746,0.13865417862978519,1.4527320538971316,0.06446006249158351,True,0.8503077569536285,0.7025391469402131
48,6,30,0,15.052716162294072,0.2804981830946991,0.15177864230788302,0.10671239130232622,0.04465908388249185,0.04918293616586563,True,0.8503077569536285,0.8238178509337033
49,6,30,0,21.01336875190277,0.8846891222429453,0.13774794076588798,0.23646815887438236,0.3182126539115309,0.40148932079237326,True,0.8503077569536285,0.8013614235883517
50,6,30,0,10.818298100947125,0.1427048429447162,0.17427027130240294,0.19747071481053388,0.3573478680346048,0.29976457755765235,True,0.8503077569536285,0.8277259747166307
