sequence,setting_default,baseline_mean_iou_default,scored_mean_iou_default,mean_delta_vs_sam_default,n_frames_default,best_improve_frame_default,best_improve_delta_default,worst_drop_frame_default,worst_drop_delta_default,setting_optimized,baseline_mean_iou_optimized,scored_mean_iou_optimized,mean_delta_vs_sam_optimized,n_frames_optimized,best_improve_frame_optimized,best_improve_delta_optimized,worst_drop_frame_optimized,worst_drop_delta_optimized,optimized_gain_over_default
bear,default_no_gt,0.9574213592393542,0.9562181843339606,-0.001203174905393678,82,00034,0.015432623633444553,00031,-0.05559886829468608,optimized,0.9574213592393542,0.957406509757654,-1.4849481700274225e-05,82,00034,0.015432623633444553,00081,-0.0028709673672561165,0.0011883254236934038
blackswan,default_no_gt,0.9519803555229152,0.9517312351591084,-0.00024912036380675406,50,00039,0.0027090407762843105,00021,-0.004844211891319561,optimized,0.9519803555229152,0.9503567223903527,-0.0016236331325624187,50,00039,0.0027090407762843105,00049,-0.06899488959722067,-0.0013745127687556646
bmx-bumps,default_no_gt,0.34291537759475027,0.27334642103992285,-0.06956895655482742,89,00078,0.10833546683438955,00047,-0.7577504292842976,optimized,0.34291537759475027,0.3156977307796722,-0.027217646815078045,89,00076,0.6659897045342359,00047,-0.7232232499664722,0.042351309739749377
bmx-trees,default_no_gt,0.00031185104448131884,0.06888257832470365,0.06857072728022233,80,00078,0.3451116246361807,00014,-0.005427493059671231,optimized,0.00031185104448131884,0.2463997998128992,0.24608794876841789,80,00030,0.8238319386331938,00014,-0.005427493059671231,0.17751722148819554
boat,default_no_gt,0.8144201155584574,0.7898806114306687,-0.024539504127788714,75,00001,0.0,00025,-0.0723901825962836,optimized,0.8144201155584574,0.8132489496991249,-0.0011711658593325236,75,00059,0.08947962279877786,00045,-0.10497998199798286,0.02336833826845619
breakdance,default_no_gt,0.18334414911320054,0.7194051250147159,0.5360609759015154,84,00036,0.9738486582996376,00058,-0.9695135619816184,optimized,0.18334414911320054,0.8883045390919885,0.704960389978788,84,00036,0.9738486582996376,00071,-0.01951244493890414,0.1688994140772726
breakdance-flare,default_no_gt,0.9559368516139347,0.9496047756450247,-0.006332075968910056,71,00044,0.0428945877038146,00028,-0.18086339859358347,optimized,0.9559368516139347,0.9155538121903951,-0.0403830394235396,71,00006,0.02457015196461898,00062,-0.7457643277508681,-0.034050963454629546
bus,default_no_gt,0.881698684144385,0.9100991561426062,0.028400471998221155,80,00077,0.9304397019704137,00071,-0.13282123735487816,optimized,0.881698684144385,0.9116466926287018,0.02994800848431678,80,00077,0.9304397019704137,00078,-0.9395181233660708,0.0015475364860956242
camel,default_no_gt,0.9691123919178943,0.9683794613571929,-0.0007329305607014502,90,00075,0.048130873026456356,00074,-0.03780839726280971,optimized,0.9691123919178943,0.9697676140323722,0.0006552221144778825,90,00075,0.048130873026456356,00063,-0.05716705040473957,0.0013881526751793327
car-roundabout,default_no_gt,0.7626198835283433,0.9863134927184224,0.22369360919007908,75,00058,0.9893390654854959,00010,-0.0012197147223492744,optimized,0.7626198835283433,0.9863341099679214,0.22371422643957806,75,00058,0.9893390654854959,00052,-0.0015264559082263096,2.0617249498977586e-05
car-shadow,default_no_gt,0.316668872984592,0.9749327840248746,0.6582639110402826,40,00001,0.9833506261612335,00039,-0.014490925510622032,optimized,0.316668872984592,0.9756334864202367,0.6589646134356447,40,00002,0.9848914774990044,00039,-0.014490925510622032,0.0007007023953621294
car-turn,default_no_gt,0.9813100105418723,0.9694307413150456,-0.011879269226826694,80,00040,0.003228951010847525,00024,-0.11227519292021426,optimized,0.9813100105418723,0.9752225010191868,-0.006087509522685441,80,00040,0.003228951010847525,00024,-0.11227519292021426,0.005791759704141253
cows,default_no_gt,0.9667472072459654,0.9711297664016733,0.004382559155707844,104,00013,0.018796161396790634,00101,-0.005861554126544433,optimized,0.9667472072459654,0.9712796631498948,0.004532455903929367,104,00013,0.018796161396790634,00101,-0.005861554126544433,0.000149896748221523
dance-jump,default_no_gt,0.7148207385221411,0.6734203295927242,-0.041400408929416876,60,00025,0.7805190037977471,00007,-0.9385856297728353,optimized,0.7148207385221411,0.7484911472818208,0.03367040875967964,60,00025,0.7805190037977471,00007,-0.9385856297728353,0.07507081768909651
dance-twirl,default_no_gt,0.3875035526969882,0.9180306189275017,0.5305270662305135,90,00075,0.9653837884325951,00001,-0.009655068607698492,optimized,0.3875035526969882,0.9298732803909374,0.5423697276939492,90,00075,0.9653837884325951,00001,-0.009655068607698492,0.01184266146343571
dog,default_no_gt,0.9616181422660278,0.9626568703676804,0.0010387281016526195,60,00003,0.012205908023248835,00029,-0.0035771893200680083,optimized,0.9616181422660278,0.962179290220443,0.0005611479544151976,60,00003,0.012205908023248835,00041,-0.010999640277588596,-0.0004775801472374219
dog-agility,default_no_gt,0.9039310932748579,0.8217569367798165,-0.08217415649504134,25,00020,0.008675055837621626,00021,-0.9699148492484143,optimized,0.9039310932748579,0.9018593225599054,-0.002071770714952459,25,00024,0.8906065134815369,00021,-0.9699148492484143,0.08010238578008888
drift-chicane,default_no_gt,0.5583224393560866,0.8692124946958815,0.31089005533979486,52,00008,0.9345430978613092,00022,-0.02917449304748143,optimized,0.5583224393560866,0.9006388426932077,0.3423164033371211,52,00008,0.9345430978613092,00036,-0.11583886852076264,0.03142634799732624
drift-straight,default_no_gt,0.5257067553920508,0.24103903014972514,-0.28466772524232564,50,00019,0.36995249406175773,00026,-0.9841088642458505,optimized,0.5257067553920508,0.6828598549002056,0.15715309950815481,50,00017,0.9758889430102289,00024,-0.9833526337704247,0.44182082475048046
drift-turn,default_no_gt,0.36528443080719775,0.48901936438844684,0.1237349335812491,64,00041,0.9742924004577832,00059,-0.3606493173877917,optimized,0.36528443080719775,0.6706402739130572,0.3053558431058595,64,00000,0.972628377588022,00045,-0.41677395134518636,0.1816209095246104
elephant,default_no_gt,0.9647892339167464,0.9634170844313719,-0.001372149485374563,80,00012,0.018145573203235066,00055,-0.01872514880033327,optimized,0.9647892339167464,0.9381951973035989,-0.02659403661314752,80,00014,0.003329763658484919,00007,-0.4855951008992522,-0.025221887127772957
flamingo,default_no_gt,0.04794744714123153,0.911230620455887,0.8632831733146554,80,00005,0.9689596952249016,00075,-0.011363578950911002,optimized,0.04794744714123153,0.9540707448732333,0.9061232977320017,80,00005,0.9689977100581293,00073,-0.0029029188599239975,0.042840124417346304
goat,default_no_gt,0.9217250088145996,0.9258632397081358,0.0041382308935361545,90,00023,0.024942407405462386,00083,-0.011785293734542734,optimized,0.9217250088145996,0.9158239312288775,-0.005901077585722114,90,00023,0.024942407405462386,00001,-0.4809802673877849,-0.010039308479258269
hike,default_no_gt,0.8968661560700536,0.767834659723374,-0.12903149634667965,80,00035,0.960821178739738,00048,-0.9647369345283717,optimized,0.8968661560700536,0.9601258957555003,0.06325973968544674,80,00035,0.960821178739738,00075,-0.0018932497283726812,0.1922912360321264
hockey,default_no_gt,0.06340712066595744,0.11803197117116189,0.05462485050520445,75,00074,0.40673376278423135,00006,-0.00953974059704904,optimized,0.06340712066595744,0.12201096695830091,0.05860384629234347,75,00074,0.40673376278423135,00059,-0.004865722954727564,0.00397899578713902
horsejump-high,default_no_gt,0.61485611115469,0.7153183733627638,0.10046226220807386,50,00036,0.5712615880718053,00001,-0.4975248545593264,optimized,0.61485611115469,0.7383951009763582,0.12353898982166822,50,00036,0.5712615880718053,00042,0.0016748903799945758,0.02307672761359436
horsejump-low,default_no_gt,0.7110029417267086,0.7307337308432047,0.01973078911649606,60,00033,0.5540519649354703,00059,-0.04263055797343185,optimized,0.7110029417267086,0.7290106130136306,0.018007671286921934,60,00033,0.5540519649354703,00024,-0.07755019566514931,-0.0017231178295741278
kite-surf,default_no_gt,0.35101505684722817,0.2597670555914036,-0.09124800125582455,50,00037,0.21735585323238207,00046,-0.7451086956521739,optimized,0.35101505684722817,0.2830515966232045,-0.06796346022402366,50,00037,0.23043315441268256,00046,-0.7451086956521739,0.023284541031800887
kite-walk,default_no_gt,0.387476155969621,0.33078458758577695,-0.05669156838384404,80,00079,0.41302387897071746,00026,-0.42559896093356675,optimized,0.387476155969621,0.4482559649480253,0.06077980897840429,80,00049,0.5875322936643198,00001,-0.1874255403191265,0.11747137736224833
libby,default_no_gt,0.838808586022113,0.8873137550285317,0.04850516900641877,49,00037,0.831465579973803,00031,-0.06622320896044653,optimized,0.838808586022113,0.6948008718055143,-0.14400771421659864,49,00037,0.8500283768444948,00003,-0.807573605941469,-0.1925128832230174
lucia,default_no_gt,0.1585896791718402,0.5076605405009348,0.3490708613290946,70,00046,0.959226455636497,00063,-0.7246697364563385,optimized,0.1585896791718402,0.871400364028041,0.7128106848562008,70,00062,0.9646980256385098,00001,0.0,0.3637398235271062
mallard-fly,default_no_gt,0.8742370588384356,0.871859457584743,-0.002377601253692574,70,00069,0.6974461597103107,00055,-0.42265284467370356,optimized,0.8742370588384356,0.8749377512100632,0.0007006923716276203,70,00069,0.6974461597103107,00037,-0.4046010697478065,0.0030782936253201942
mallard-water,default_no_gt,1.5103043264647873e-06,0.946624280037296,0.9466227697329695,80,00009,0.9640221402214022,00068,0.9243621292578682,optimized,1.5103043264647873e-06,0.9470401716745673,0.9470386613702408,80,00009,0.9640221402214022,00077,0.8200335628725189,0.00041589163727129286
motocross-bumps,default_no_gt,0.319962235745409,0.43088011873949594,0.11091788299408695,60,00054,0.948183169615738,00048,-0.046593890770250446,optimized,0.319962235745409,0.6011170557461056,0.28115482000069664,60,00052,0.9371609763502439,00044,-0.5026458443413125,0.1702369370066097
motocross-jump,default_no_gt,0.7585540734423437,0.7670230696353492,0.008468996193005451,40,00025,0.17162094716002596,00013,-0.025719703573157227,optimized,0.7585540734423437,0.6914667214660085,-0.0670873519763352,40,00025,0.17162094716002596,00002,-0.9222874102805937,-0.07555634816934065
motorbike,default_no_gt,0.648895389805103,0.7894007196609032,0.14050532985580022,43,00021,0.2850473293429746,00023,-0.007913894105719022,optimized,0.648895389805103,0.6548944110820386,0.005999021276935634,43,00021,0.2850473293429746,00002,-0.2688404820304524,-0.1345063085788646
paragliding,default_no_gt,0.8848369650107984,0.8692470685882459,-0.015589896422552596,70,00044,0.003618365741889007,00034,-0.7844453497817846,optimized,0.8848369650107984,0.8853856618018363,0.0005486967910378615,70,00064,0.07675135170893466,00034,-0.7844453497817846,0.016138593213590458
paragliding-launch,default_no_gt,0.5521277065020153,0.49026974765488196,-0.0618579588471333,80,00014,0.5446444063385785,00004,-0.786925654516816,optimized,0.5521277065020153,0.5333873771549987,-0.018740329347016527,80,00002,0.580766393179351,00049,-0.4326302753883512,0.04311762950011677
parkour,default_no_gt,0.35651202308055985,0.0771679530704411,-0.27934407001011874,100,00087,0.9599896913858643,00073,-0.9793908861918937,optimized,0.35651202308055985,0.6295706092460016,0.27305858616544176,100,00045,0.9762690994570997,00077,-0.9696612086345086,0.5524026561755605
rhino,default_no_gt,0.9800650118225802,0.9761331889145546,-0.003931822908025628,90,00041,0.0049339100784523415,00054,-0.04934191450970371,optimized,0.9800650118225802,0.9764063718132959,-0.0036586400092842863,90,00041,0.0049339100784523415,00054,-0.04934191450970371,0.00027318289874134205
