sequence,n_total_frames_with_gt,n_used_for_opt,gt_ratio,opt_baseline_w_area,opt_baseline_w_center,opt_baseline_w_border,opt_baseline_w_silhouette,opt_baseline_q_border,opt_baseline_t_area,opt_baseline_train_meanIoU,opt_baseline_val_meanIoU,optimized_w_area,optimized_w_center,optimized_w_border,optimized_w_silhouette,optimized_q_border,optimized_t_area,optimized_train_meanIoU,optimized_val_meanIoU
bear,82,17,0.2,0.25,0.25,0.25,0.25,0.4,0.3,0.9689029638269278,0.9646337731938035,0.3679710001537618,0.16102593075818372,0.46746546236364844,0.0035376067244062303,0.35871232043841234,0.27413686570940254,0.9687435103535424,0.965002320916793
blackswan,50,10,0.2,0.25,0.25,0.25,0.25,0.4,0.3,0.9537025429677288,0.9421531692101125,0.01125288346051093,0.07528234010069014,0.6941937558274217,0.2192710206113773,0.48725182294812425,0.8505390509132107,0.953815044157073,0.9431349748836686
bmx-bumps,89,18,0.2,0.25,0.25,0.25,0.25,0.4,0.3,0.3307534739704,0.106410674293954,0.0111828601922377,0.19452373384173977,0.7710167936867579,0.023276612279264593,0.7863331471779178,0.6755826825988613,0.3478733089417842,0.15274967344513024
bmx-trees,80,16,0.2,0.25,0.25,0.25,0.25,0.4,0.3,0.02787140936239767,0.07220950777311075,0.029748577426812545,0.015338465209943466,0.9158167110615808,0.039096246301663314,0.541307171106847,0.3295739333291898,0.26778989157687944,0.2552421428460318
boat,75,15,0.2,0.25,0.25,0.25,0.25,0.4,0.3,0.7886905516895458,0.7897497486274112,0.5977511247863871,0.06620706222668786,0.3099986354024446,0.026043177584480357,0.8455330324581892,0.05058484076834874,0.8097623271603046,0.8393543312497812
breakdance,84,17,0.2,0.25,0.25,0.25,0.25,0.4,0.3,0.6585834558209063,0.8478569836795797,0.5184110305420729,0.17940241000479504,0.2557989474632792,0.04638761198985278,0.06739267474212308,0.09473821443112626,0.867264413494506,0.9554328756228108
breakdance-flare,71,15,0.2,0.25,0.25,0.25,0.25,0.4,0.3,0.9468486987848937,0.9502746378233168,0.1336467907558019,0.8479899698384391,0.016474431645671823,0.001888807760087173,0.7819432152794319,0.8714800195490368,0.9246776508514575,0.9507702271319994
bus,80,16,0.2,0.25,0.25,0.25,0.25,0.4,0.3,0.9022194781239202,0.9332356730891804,0.02242856179729603,0.019736896296232334,0.41581986323902986,0.5420146786674418,0.08876019971134069,0.7904356521625291,0.9237368850339233,0.9342699824338541
camel,90,18,0.2,0.25,0.25,0.25,0.25,0.4,0.3,0.967962060939059,0.9686539810851306,0.24427944252550338,0.5082276234687577,0.23129865040267159,0.016194283603067273,0.23364162309888653,0.5825879172338089,0.971516916850052,0.970756832684718
car-roundabout,75,15,0.2,0.25,0.25,0.25,0.25,0.4,0.3,0.9865787950702702,0.9858041960949061,0.3949401331550736,0.5922350061863237,0.011505719966769764,0.0013191406918328583,0.7819432152794319,0.8714800195490368,0.9865787950702702,0.9858041960949061
car-shadow,40,8,0.2,0.25,0.25,0.25,0.25,0.4,0.3,0.9767766427912058,0.9654354111302885,0.39708962664492,0.03873887131744355,0.5483531232502709,0.015818378787365518,0.20416304014792092,0.2262007787891661,0.9775944876613712,0.9701363636363636
car-turn,80,16,0.2,0.25,0.25,0.25,0.25,0.4,0.3,0.9668277438791802,0.9766084807339209,0.4446755514331744,0.5347646672332559,0.012954652974644671,0.007605128358924876,0.7819432152794319,0.8714800195490368,0.9734445105636343,0.9801096619822501
cows,104,21,0.2,0.25,0.25,0.25,0.25,0.4,0.3,0.9705603263708591,0.9705831464073503,0.3949401331550736,0.5922350061863237,0.011505719966769764,0.0013191406918328583,0.7819432152794319,0.8714800195490368,0.9711608371244775,0.9716320246036402
dance-jump,60,12,0.2,0.25,0.25,0.25,0.25,0.4,0.3,0.6459437230400352,0.6713112779309226,0.00789211444412669,0.4924336285144388,0.07939125200548126,0.4202830050359534,0.9446240940879919,0.7530714518679593,0.7159168417141887,0.8327383027036191
dance-twirl,90,18,0.2,0.25,0.25,0.25,0.25,0.4,0.3,0.923270802726358,0.9282987097328255,0.706554356910361,0.27050175763866113,0.02058392118057976,0.0023599642703981305,0.7819432152794319,0.8714800195490368,0.931398070985022,0.9282987097328255
dog,60,12,0.2,0.25,0.25,0.25,0.25,0.4,0.3,0.9636379500488287,0.9604676069206112,0.13245580512345634,0.01557942899290795,0.8063651130659147,0.04559965281772103,0.0874026384569726,0.5474575059887777,0.9633834027739145,0.9612018542052763
dog-agility,25,8,0.2,0.25,0.25,0.25,0.25,0.4,0.3,0.9385047181964946,0.0,0.25926944257249646,0.034097645900132326,0.6971163370661123,0.009516574461258967,0.7487976413272214,0.23795760293086676,0.9379714332219669,0.9274889260550887
drift-chicane,52,11,0.2,0.25,0.25,0.25,0.25,0.4,0.3,0.9263330171995634,0.9310989407476981,0.2549006975937973,0.2724799442393553,0.4204291278350242,0.05219023033182324,0.07454045730765985,0.6903381417052707,0.9314776933653235,0.9358489799669568
drift-straight,50,10,0.2,0.25,0.25,0.25,0.25,0.4,0.3,0.24398223152227327,0.4843555873991021,0.4795832177060919,0.055515170238991274,0.3555292736656044,0.10937233838931244,0.10310293600397344,0.05958064031763189,0.6022073359344626,0.9563685934249736
drift-turn,64,13,0.2,0.25,0.25,0.25,0.25,0.4,0.3,0.4705401859103926,0.540853401029326,0.15651264311903243,0.28924299830000877,0.3298331276675337,0.22441123091342519,0.8707486676187266,0.06693071084895064,0.6467035012935314,0.9636377232730249
elephant,80,16,0.2,0.25,0.25,0.25,0.25,0.4,0.3,0.9631833057639994,0.9646089580143711,0.013006031548749863,0.12378002603123972,0.7865833274348419,0.0766306149851684,0.7191037052991566,0.4475192591547975,0.8977237300047883,0.9656447308816459
flamingo,80,16,0.2,0.25,0.25,0.25,0.25,0.4,0.3,0.9310775346622129,0.9534123708998326,0.035578508238694316,0.3677862177050213,0.5885625507412995,0.008072723314984969,0.40224238367798537,0.11636691205795159,0.9545257698330295,0.9596469935371466
goat,90,18,0.2,0.25,0.25,0.25,0.25,0.4,0.3,0.9300831493605639,0.9216676452712766,0.014296422925088141,0.07731291322367358,0.2883243271994713,0.6200663366517669,0.784268198708563,0.052464650153130545,0.9300831493605639,0.9216676452712766
hike,80,16,0.2,0.25,0.25,0.25,0.25,0.4,0.3,0.8007182388414863,0.9598722194904443,0.10511558118977475,0.21437245093745408,0.43956672019419024,0.240945247678581,0.784268198708563,0.052464650153130545,0.960751901059994,0.9598722194904443
hockey,75,15,0.2,0.25,0.25,0.25,0.25,0.4,0.3,0.158740074701757,0.0990780576673906,0.3949401331550736,0.5922350061863237,0.011505719966769764,0.0013191406918328583,0.7819432152794319,0.8714800195490368,0.15966889364474346,0.0990780576673906
horsejump-high,50,10,0.2,0.25,0.25,0.25,0.25,0.4,0.3,0.7370866584372846,0.7279261509933139,0.6308875241115004,0.020158033654596674,0.2973312398417405,0.05162320239216238,0.8268610301140347,0.5373150982236411,0.7370866584372846,0.7279261509933139
horsejump-low,60,12,0.2,0.25,0.25,0.25,0.25,0.4,0.3,0.7244711820848333,0.7309299518665706,0.22982379349015516,0.6837792375962101,0.01127368955885675,0.07512327935477804,0.6535619732235967,0.6324705604161779,0.7179090625062312,0.7337013861802847
kite-surf,50,10,0.2,0.25,0.25,0.25,0.25,0.4,0.3,0.21385016604496493,0.08987024332606826,0.3949401331550736,0.5922350061863237,0.011505719966769764,0.0013191406918328583,0.7819432152794319,0.8714800195490368,0.2168360356578708,0.11198752388365336
kite-walk,80,16,0.2,0.25,0.25,0.25,0.25,0.4,0.3,0.3365118745628169,0.2576705617451406,0.3436205235125381,0.08923938857240743,0.38350942074720107,0.18363066716785326,0.4681801073999342,0.09671032459938256,0.4449165921065692,0.4039566968892181
libby,49,10,0.2,0.25,0.25,0.25,0.25,0.4,0.3,0.9085589316025957,0.8466277360644776,0.07156362972776417,0.5068232598222193,0.4032800248370511,0.018333085612965348,0.23657747816209423,0.42772488929769,0.719507863730098,0.8583773218541582
lucia,70,14,0.2,0.25,0.25,0.25,0.25,0.4,0.3,0.6492020957735374,0.12702047503883937,0.05518203325657241,0.5452954835508659,0.3821393871499151,0.01738309604264669,0.8589413887227373,0.12741119245481633,0.8644417234590638,0.9411935545383702
mallard-fly,70,14,0.2,0.25,0.25,0.25,0.25,0.4,0.3,0.8470910575571297,0.9149708082507079,0.1440899312481784,0.08855559985113,0.33025186456179767,0.43710260433889403,0.784268198708563,0.052464650153130545,0.8471774354886142,0.9149708082507079
mallard-water,80,16,0.2,0.25,0.25,0.25,0.25,0.4,0.3,0.9479239173736702,0.9414038276047536,0.2338987645277755,0.006648343153573955,0.5377056583954807,0.22174723392316992,0.05972589308754134,0.4105312509520543,0.9488555364879027,0.9463770558099649
motocross-bumps,60,12,0.2,0.25,0.25,0.25,0.25,0.4,0.3,0.4922863784553948,0.48584738625373686,0.07893471844142606,0.4253267461744958,0.3647117418577909,0.1310267935262872,0.1800317512105888,0.15385275319366876,0.5689862736903484,0.799703213053501
motocross-jump,40,8,0.2,0.25,0.25,0.25,0.25,0.4,0.3,0.7524197486262962,0.5854324655500367,0.3793810410884181,0.5910324221547562,0.01864238292167188,0.010944153835153765,0.7819432152794319,0.8714800195490368,0.757196426191234,0.5913026290458675
motorbike,43,9,0.2,0.25,0.25,0.25,0.25,0.4,0.3,0.8198952625086352,0.7919305801928265,0.3949401331550736,0.5922350061863237,0.011505719966769764,0.0013191406918328583,0.7819432152794319,0.8714800195490368,0.6495864525489853,0.7919305801928265
paragliding,70,14,0.2,0.25,0.25,0.25,0.25,0.4,0.3,0.8822320527678417,0.872264119370665,0.22693155699868567,0.5068163485077473,0.24436596520478845,0.021886129288778693,0.551004094753887,0.39711413793188666,0.8893194894984379,0.9304192170355959
paragliding-launch,80,16,0.2,0.25,0.25,0.25,0.25,0.4,0.3,0.4718071278599969,0.3702264435144499,0.1336467907558019,0.8479899698384391,0.016474431645671823,0.001888807760087173,0.7819432152794319,0.8714800195490368,0.5181686116322358,0.530657042510571
parkour,100,20,0.2,0.25,0.25,0.25,0.25,0.4,0.3,0.060186110114555345,4.045962129794465e-06,0.016379301720435238,0.5385855370773327,0.4069406850457918,0.0380944761564404,0.08011121554660999,0.8721860653474529,0.5952741603883411,0.9641136897040766
rhino,90,18,0.2,0.25,0.25,0.25,0.25,0.4,0.3,0.9733640859927569,0.9796693785302023,0.24276888185912296,0.034685601874408896,0.38629346706563,0.3362520492008382,0.8448395070863232,0.7318369272481537,0.9733640859927569,0.9810085440596373
