sequence,ablation,baseline_mean_iou,scored_mean_iou,mean_delta_vs_sam,n_frames,best_improve_frame,best_improve_delta,worst_drop_frame,worst_drop_delta,w_area,w_center,w_border,w_silhouette,q_border,t_area
bear,default_full,0.9574213592393542,0.9562181843339606,-0.001203174905393923,82,00034,0.015432623633444553,00031,-0.05559886829468608,0.25,0.25,0.25,0.25,0.4,0.3
bear,no_area,0.9574213592393542,0.9528970628813446,-0.00452429635800978,82,00034,0.015432623633444553,00009,-0.08358272829158964,0.0,0.3333333333333333,0.3333333333333333,0.3333333333333333,0.4,0.3
bear,no_center,0.9574213592393542,0.9568106966282558,-0.000610662611098768,82,00034,0.015432623633444553,00031,-0.05559886829468608,0.3333333333333333,0.0,0.3333333333333333,0.3333333333333333,0.4,0.3
bear,no_border,0.9574213592393542,0.9568106966282558,-0.000610662611098768,82,00034,0.015432623633444553,00031,-0.05559886829468608,0.3333333333333333,0.3333333333333333,0.0,0.3333333333333333,0.4,0.3
bear,no_silhouette,0.9574213592393542,0.9574526678893486,3.1308649994216524e-05,82,00034,0.015432623633444553,00081,-0.0028709673672561165,0.3333333333333333,0.3333333333333333,0.3333333333333333,0.0,0.4,0.3
blackswan,default_full,0.9519803555229152,0.9517312351591084,-0.0002491203638067918,50,00039,0.0027090407762843105,00021,-0.004844211891319561,0.25,0.25,0.25,0.25,0.4,0.3
blackswan,no_area,0.9519803555229152,0.9518256798223915,-0.0001546757005238253,50,00039,0.0027090407762843105,00021,-0.004844211891319561,0.0,0.3333333333333333,0.3333333333333333,0.3333333333333333,0.4,0.3
blackswan,no_center,0.9519803555229152,0.9517312351591084,-0.0002491203638067918,50,00039,0.0027090407762843105,00021,-0.004844211891319561,0.3333333333333333,0.0,0.3333333333333333,0.3333333333333333,0.4,0.3
blackswan,no_border,0.9519803555229152,0.9517312351591084,-0.0002491203638067918,50,00039,0.0027090407762843105,00021,-0.004844211891319561,0.3333333333333333,0.3333333333333333,0.0,0.3333333333333333,0.4,0.3
blackswan,no_silhouette,0.9519803555229152,0.9517312351591084,-0.0002491203638067918,50,00039,0.0027090407762843105,00021,-0.004844211891319561,0.3333333333333333,0.3333333333333333,0.3333333333333333,0.0,0.4,0.3
bmx-bumps,default_full,0.34291537759475027,0.27334642103992285,-0.06956895655482742,89,00078,0.10833546683438955,00047,-0.7577504292842976,0.25,0.25,0.25,0.25,0.4,0.3
bmx-bumps,no_area,0.34291537759475027,0.2780998520052131,-0.06481552558953718,89,00076,0.34531655338401207,00047,-0.7577504292842976,0.0,0.3333333333333333,0.3333333333333333,0.3333333333333333,0.4,0.3
bmx-bumps,no_center,0.34291537759475027,0.27992495721014554,-0.06299042038460473,89,00078,0.10833546683438955,00035,-0.46409749769239517,0.3333333333333333,0.0,0.3333333333333333,0.3333333333333333,0.4,0.3
bmx-bumps,no_border,0.34291537759475027,0.28442910084652945,-0.058486276748220815,89,00078,0.10833546683438955,00035,-0.46409749769239517,0.3333333333333333,0.3333333333333333,0.0,0.3333333333333333,0.4,0.3
bmx-bumps,no_silhouette,0.34291537759475027,0.28316645606252544,-0.059748921532224886,89,00042,0.5202884172992869,00047,-0.7577504292842976,0.3333333333333333,0.3333333333333333,0.3333333333333333,0.0,0.4,0.3
bmx-trees,default_full,0.00031185104448131884,0.06888257832470365,0.06857072728022233,80,00078,0.3451116246361807,00014,-0.005427493059671231,0.25,0.25,0.25,0.25,0.4,0.3
bmx-trees,no_area,0.00031185104448131884,0.2153922917609925,0.21508044071651117,80,00032,0.7020391461501739,00012,-0.000509179372577862,0.0,0.3333333333333333,0.3333333333333333,0.3333333333333333,0.4,0.3
bmx-trees,no_center,0.00031185104448131884,0.029400630447274055,0.029088779402792735,80,00079,0.33868092691622104,00018,-0.009447487409476896,0.3333333333333333,0.0,0.3333333333333333,0.3333333333333333,0.4,0.3
bmx-trees,no_border,0.00031185104448131884,0.01071848379555696,0.010406632751075642,80,00008,0.29984536339601936,00014,-0.005427493059671231,0.3333333333333333,0.3333333333333333,0.0,0.3333333333333333,0.4,0.3
bmx-trees,no_silhouette,0.00031185104448131884,0.06093753212055016,0.060625681076068846,80,00053,0.34593739008090046,00018,-0.009398224627016416,0.3333333333333333,0.3333333333333333,0.3333333333333333,0.0,0.4,0.3
boat,default_full,0.8144201155584574,0.7898806114306687,-0.02453950412778855,75,00001,0.0,00025,-0.0723901825962836,0.25,0.25,0.25,0.25,0.4,0.3
boat,no_area,0.8144201155584574,0.7908879595445821,-0.023532156013875212,75,00005,0.055925299156209585,00025,-0.0723901825962836,0.0,0.3333333333333333,0.3333333333333333,0.3333333333333333,0.4,0.3
boat,no_center,0.8144201155584574,0.7901422888891659,-0.024277826669291337,75,00041,0.01962580938729097,00025,-0.0723901825962836,0.3333333333333333,0.0,0.3333333333333333,0.3333333333333333,0.4,0.3
boat,no_border,0.8144201155584574,0.7898806114306687,-0.02453950412778855,75,00001,0.0,00025,-0.0723901825962836,0.3333333333333333,0.3333333333333333,0.0,0.3333333333333333,0.4,0.3
boat,no_silhouette,0.8144201155584574,0.7901135985801949,-0.02430651697826233,75,00001,0.0,00025,-0.0723901825962836,0.3333333333333333,0.3333333333333333,0.3333333333333333,0.0,0.4,0.3
breakdance,default_full,0.18334414911320054,0.7194051250147159,0.5360609759015152,84,00036,0.9738486582996376,00058,-0.9695135619816184,0.25,0.25,0.25,0.25,0.4,0.3
breakdance,no_area,0.18334414911320054,0.4084340710030682,0.22508992188986762,84,00036,0.9738486582996376,00058,-0.9695135619816184,0.0,0.3333333333333333,0.3333333333333333,0.3333333333333333,0.4,0.3
breakdance,no_center,0.18334414911320054,0.4287710933484569,0.24542694423525643,84,00036,0.9738486582996376,00058,-0.9695135619816184,0.3333333333333333,0.0,0.3333333333333333,0.3333333333333333,0.4,0.3
breakdance,no_border,0.18334414911320054,0.9382844509819854,0.7549403018687848,84,00036,0.9738486582996376,00077,-0.014681548622121454,0.3333333333333333,0.3333333333333333,0.0,0.3333333333333333,0.4,0.3
breakdance,no_silhouette,0.18334414911320054,0.6752844559876868,0.49194030687448614,84,00036,0.9738486582996376,00077,-0.960623442330091,0.3333333333333333,0.3333333333333333,0.3333333333333333,0.0,0.4,0.3
breakdance-flare,default_full,0.9559368516139347,0.9496047756450247,-0.006332075968909956,71,00044,0.0428945877038146,00028,-0.18086339859358347,0.25,0.25,0.25,0.25,0.4,0.3
breakdance-flare,no_area,0.9559368516139347,0.936352338212004,-0.0195845134019308,71,00044,0.0428945877038146,00040,-0.696450793093053,0.0,0.3333333333333333,0.3333333333333333,0.3333333333333333,0.4,0.3
breakdance-flare,no_center,0.9559368516139347,0.9517406762681553,-0.004196175345779433,71,00044,0.0428945877038146,00028,-0.18086339859358347,0.3333333333333333,0.0,0.3333333333333333,0.3333333333333333,0.4,0.3
breakdance-flare,no_border,0.9559368516139347,0.9566156044647909,0.0006787528508559991,71,00044,0.0428945877038146,00027,-0.09310943790504589,0.3333333333333333,0.3333333333333333,0.0,0.3333333333333333,0.4,0.3
breakdance-flare,no_silhouette,0.9559368516139347,0.9582291005920947,0.002292248978159923,71,00044,0.0428945877038146,00056,-0.006351320642089986,0.3333333333333333,0.3333333333333333,0.3333333333333333,0.0,0.4,0.3
bus,default_full,0.881698684144385,0.9100991561426062,0.028400471998221117,80,00077,0.9304397019704137,00071,-0.13282123735487816,0.25,0.25,0.25,0.25,0.4,0.3
bus,no_area,0.881698684144385,0.9231644914880613,0.04146580734367621,80,00077,0.9304397019704137,00071,-0.13282123735487816,0.0,0.3333333333333333,0.3333333333333333,0.3333333333333333,0.4,0.3
bus,no_center,0.881698684144385,0.919673608546411,0.03797492440202592,80,00077,0.9304397019704137,00071,-0.13282123735487816,0.3333333333333333,0.0,0.3333333333333333,0.3333333333333333,0.4,0.3
bus,no_border,0.881698684144385,0.9098474995880135,0.028148815443628506,80,00077,0.9304397019704137,00071,-0.13282123735487816,0.3333333333333333,0.3333333333333333,0.0,0.3333333333333333,0.4,0.3
bus,no_silhouette,0.881698684144385,0.9080823940249065,0.026383709880521432,80,00077,0.9266962437148772,00071,-0.13282123735487816,0.3333333333333333,0.3333333333333333,0.3333333333333333,0.0,0.4,0.3
camel,default_full,0.9691123919178943,0.9683794613571929,-0.0007329305607013294,90,00075,0.048130873026456356,00074,-0.03780839726280971,0.25,0.25,0.25,0.25,0.4,0.3
camel,no_area,0.9691123919178943,0.8476533916120192,-0.12145900030587499,90,00029,4.8967160402813015e-05,00015,-0.9777662688415713,0.0,0.3333333333333333,0.3333333333333333,0.3333333333333333,0.4,0.3
camel,no_center,0.9691123919178943,0.9662214386148368,-0.002890953303057547,90,00078,0.02998122475958298,00074,-0.03780839726280971,0.3333333333333333,0.0,0.3333333333333333,0.3333333333333333,0.4,0.3
camel,no_border,0.9691123919178943,0.9691541620361281,4.177011823382667e-05,90,00075,0.048130873026456356,00053,-0.006755635127831172,0.3333333333333333,0.3333333333333333,0.0,0.3333333333333333,0.4,0.3
camel,no_silhouette,0.9691123919178943,0.9700628263389626,0.0009504344210684184,90,00075,0.048130873026456356,00070,-0.006358958989108987,0.3333333333333333,0.3333333333333333,0.3333333333333333,0.0,0.4,0.3
car-roundabout,default_full,0.7626198835283433,0.9863134927184224,0.22369360919007916,75,00058,0.9893390654854959,00010,-0.0012197147223492744,0.25,0.25,0.25,0.25,0.4,0.3
car-roundabout,no_area,0.7626198835283433,0.7372102163743726,-0.02540966715397082,75,00062,0.9849308833041853,00046,-0.9893345441418143,0.0,0.3333333333333333,0.3333333333333333,0.3333333333333333,0.4,0.3
car-roundabout,no_center,0.7626198835283433,0.9863134927184224,0.22369360919007916,75,00058,0.9893390654854959,00010,-0.0012197147223492744,0.3333333333333333,0.0,0.3333333333333333,0.3333333333333333,0.4,0.3
car-roundabout,no_border,0.7626198835283433,0.986383017199649,0.22376313367130568,75,00058,0.9893390654854959,00010,-0.0012197147223492744,0.3333333333333333,0.3333333333333333,0.0,0.3333333333333333,0.4,0.3
car-roundabout,no_silhouette,0.7626198835283433,0.9862953363558734,0.22367545282753004,75,00058,0.9893390654854959,00052,-0.0015264559082263096,0.3333333333333333,0.3333333333333333,0.3333333333333333,0.0,0.4,0.3
car-shadow,default_full,0.316668872984592,0.9749327840248746,0.6582639110402827,40,00001,0.9833506261612335,00039,-0.014490925510622032,0.25,0.25,0.25,0.25,0.4,0.3
car-shadow,no_area,0.316668872984592,0.8528436665286728,0.5361747935440807,40,00011,0.9810186951545212,00033,-0.007261935606555858,0.0,0.3333333333333333,0.3333333333333333,0.3333333333333333,0.4,0.3
car-shadow,no_center,0.316668872984592,0.563274323900307,0.2466054509157149,40,00001,0.9833506261612335,00032,-0.9778541428025964,0.3333333333333333,0.0,0.3333333333333333,0.3333333333333333,0.4,0.3
car-shadow,no_border,0.316668872984592,0.19631372563701402,-0.12035514734757802,40,00001,0.9833506261612335,00021,-0.9794826830337571,0.3333333333333333,0.3333333333333333,0.0,0.3333333333333333,0.4,0.3
car-shadow,no_silhouette,0.316668872984592,0.9507591348726574,0.6340902618880655,40,00005,0.9838535186888083,00039,-0.014490925510622032,0.3333333333333333,0.3333333333333333,0.3333333333333333,0.0,0.4,0.3
car-turn,default_full,0.9813100105418723,0.9694307413150456,-0.011879269226826627,80,00040,0.003228951010847525,00024,-0.11227519292021426,0.25,0.25,0.25,0.25,0.4,0.3
car-turn,no_area,0.9813100105418723,0.9410596266772,-0.04025038386467221,80,00049,0.0014644583657434929,00079,-0.2069287557688212,0.0,0.3333333333333333,0.3333333333333333,0.3333333333333333,0.4,0.3
car-turn,no_center,0.9813100105418723,0.9720533778728313,-0.009256632669040716,80,00040,0.003228951010847525,00024,-0.11227519292021426,0.3333333333333333,0.0,0.3333333333333333,0.3333333333333333,0.4,0.3
car-turn,no_border,0.9813100105418723,0.9758113884183388,-0.005498622123533452,80,00079,0.001797940652161878,00023,-0.09423492900615171,0.3333333333333333,0.3333333333333333,0.0,0.3333333333333333,0.4,0.3
car-turn,no_silhouette,0.9813100105418723,0.9720345691506782,-0.009275441391194043,80,00040,0.003228951010847525,00024,-0.11227519292021426,0.3333333333333333,0.3333333333333333,0.3333333333333333,0.0,0.4,0.3
cows,default_full,0.9667472072459654,0.9711297664016733,0.00438255915570781,104,00013,0.018796161396790634,00101,-0.005861554126544433,0.25,0.25,0.25,0.25,0.4,0.3
cows,no_area,0.9667472072459654,0.9624046094396754,-0.004342597806290034,104,00013,0.018796161396790634,00056,-0.8848216523707045,0.0,0.3333333333333333,0.3333333333333333,0.3333333333333333,0.4,0.3
cows,no_center,0.9667472072459654,0.9709278769186322,0.004180669672666761,104,00013,0.018796161396790634,00101,-0.005861554126544433,0.3333333333333333,0.0,0.3333333333333333,0.3333333333333333,0.4,0.3
cows,no_border,0.9667472072459654,0.9711297664016733,0.00438255915570781,104,00013,0.018796161396790634,00101,-0.005861554126544433,0.3333333333333333,0.3333333333333333,0.0,0.3333333333333333,0.4,0.3
cows,no_silhouette,0.9667472072459654,0.9712870977347348,0.004539890488769323,104,00013,0.018796161396790634,00101,-0.005861554126544433,0.3333333333333333,0.3333333333333333,0.3333333333333333,0.0,0.4,0.3
dance-jump,default_full,0.7148207385221411,0.6734203295927242,-0.04140040892941708,60,00025,0.7805190037977471,00007,-0.9385856297728353,0.25,0.25,0.25,0.25,0.4,0.3
dance-jump,no_area,0.7148207385221411,0.7143857049175465,-0.0004350336045947941,60,00025,0.7805190037977471,00007,-0.9385856297728353,0.0,0.3333333333333333,0.3333333333333333,0.3333333333333333,0.4,0.3
dance-jump,no_center,0.7148207385221411,0.6332665839898095,-0.08155415453233192,60,00025,0.7805190037977471,00007,-0.9385856297728353,0.3333333333333333,0.0,0.3333333333333333,0.3333333333333333,0.4,0.3
dance-jump,no_border,0.7148207385221411,0.6440369343680751,-0.07078380415406625,60,00025,0.7805190037977471,00001,-0.9325331245832246,0.3333333333333333,0.3333333333333333,0.0,0.3333333333333333,0.4,0.3
dance-jump,no_silhouette,0.7148207385221411,0.39620089856745483,-0.31861983995468635,60,00025,0.7805190037977471,00003,-0.9135366216561944,0.3333333333333333,0.3333333333333333,0.3333333333333333,0.0,0.4,0.3
dance-twirl,default_full,0.3875035526969882,0.9180306189275017,0.5305270662305134,90,00075,0.9653837884325951,00001,-0.009655068607698492,0.25,0.25,0.25,0.25,0.4,0.3
dance-twirl,no_area,0.3875035526969882,0.8788492616870776,0.4913457089900893,90,00075,0.9653837884325951,00087,-0.5594872855680274,0.0,0.3333333333333333,0.3333333333333333,0.3333333333333333,0.4,0.3
dance-twirl,no_center,0.3875035526969882,0.7983892535327803,0.4108857008357919,90,00075,0.9653837884325951,00001,-0.009655068607698492,0.3333333333333333,0.0,0.3333333333333333,0.3333333333333333,0.4,0.3
dance-twirl,no_border,0.3875035526969882,0.9051303246938338,0.5176267719968457,90,00075,0.9653837884325951,00001,-0.009655068607698492,0.3333333333333333,0.3333333333333333,0.0,0.3333333333333333,0.4,0.3
dance-twirl,no_silhouette,0.3875035526969882,0.9200444793719244,0.5325409266749361,90,00075,0.9653837884325951,00089,-0.5235643954163784,0.3333333333333333,0.3333333333333333,0.3333333333333333,0.0,0.4,0.3
dog,default_full,0.9616181422660278,0.9626568703676804,0.0010387281016524567,60,00003,0.012205908023248835,00029,-0.0035771893200680083,0.25,0.25,0.25,0.25,0.4,0.3
dog,no_area,0.9616181422660278,0.9626646792908099,0.001046537024781974,60,00003,0.012205908023248835,00029,-0.0035771893200680083,0.0,0.3333333333333333,0.3333333333333333,0.3333333333333333,0.4,0.3
dog,no_center,0.9616181422660278,0.9626568703676804,0.0010387281016524567,60,00003,0.012205908023248835,00029,-0.0035771893200680083,0.3333333333333333,0.0,0.3333333333333333,0.3333333333333333,0.4,0.3
dog,no_border,0.9616181422660278,0.9626568703676804,0.0010387281016524567,60,00003,0.012205908023248835,00029,-0.0035771893200680083,0.3333333333333333,0.3333333333333333,0.0,0.3333333333333333,0.4,0.3
dog,no_silhouette,0.9616181422660278,0.9626320042178185,0.0010138619517905364,60,00003,0.012205908023248835,00029,-0.0035771893200680083,0.3333333333333333,0.3333333333333333,0.3333333333333333,0.0,0.4,0.3
dog-agility,default_full,0.9039310932748579,0.8217569367798165,-0.08217415649504119,25,00020,0.008675055837621626,00021,-0.9699148492484143,0.25,0.25,0.25,0.25,0.4,0.3
dog-agility,no_area,0.9039310932748579,0.8128127385236941,-0.09111835475116369,25,00008,0.006749994359777078,00021,-0.9699148492484143,0.0,0.3333333333333333,0.3333333333333333,0.3333333333333333,0.4,0.3
dog-agility,no_center,0.9039310932748579,0.9348112235174384,0.0308801302425806,25,00024,0.8906065134815369,00006,-0.16057975305161998,0.3333333333333333,0.0,0.3333333333333333,0.3333333333333333,0.4,0.3
dog-agility,no_border,0.9039310932748579,0.9413635893550341,0.03743249608017625,25,00024,0.8906065134815369,00018,-0.005134117026227458,0.3333333333333333,0.3333333333333333,0.0,0.3333333333333333,0.4,0.3
dog-agility,no_silhouette,0.9039310932748579,0.8525652838757094,-0.05136580939914839,25,00024,0.8906065134815369,00021,-0.9699148492484143,0.3333333333333333,0.3333333333333333,0.3333333333333333,0.0,0.4,0.3
drift-chicane,default_full,0.5583224393560866,0.8692124946958815,0.31089005533979486,52,00008,0.9345430978613092,00022,-0.02917449304748143,0.25,0.25,0.25,0.25,0.4,0.3
drift-chicane,no_area,0.5583224393560866,0.8871511609020566,0.32882872154597015,52,00008,0.9345430978613092,00022,-0.02917449304748143,0.0,0.3333333333333333,0.3333333333333333,0.3333333333333333,0.4,0.3
drift-chicane,no_center,0.5583224393560866,0.903072766380483,0.3447503270243964,52,00008,0.9345430978613092,00024,-0.04255743019454805,0.3333333333333333,0.0,0.3333333333333333,0.3333333333333333,0.4,0.3
drift-chicane,no_border,0.5583224393560866,0.7096628379860679,0.15134039862998125,52,00013,0.9272588055130169,00022,-0.02917449304748143,0.3333333333333333,0.3333333333333333,0.0,0.3333333333333333,0.4,0.3
drift-chicane,no_silhouette,0.5583224393560866,0.8578599510926784,0.2995375117365919,52,00008,0.9505147791431419,00037,-0.22406242894311978,0.3333333333333333,0.3333333333333333,0.3333333333333333,0.0,0.4,0.3
drift-straight,default_full,0.5257067553920508,0.24103903014972514,-0.2846677252423256,50,00019,0.36995249406175773,00026,-0.9841088642458505,0.25,0.25,0.25,0.25,0.4,0.3
drift-straight,no_area,0.5257067553920508,0.5786186070263039,0.052911851634253076,50,00017,0.9760112600208065,00027,-0.9875720754471121,0.0,0.3333333333333333,0.3333333333333333,0.3333333333333333,0.4,0.3
drift-straight,no_center,0.5257067553920508,0.39030656924082857,-0.1354001861512222,50,00023,0.981874591770085,00015,-0.9775306061510899,0.3333333333333333,0.0,0.3333333333333333,0.3333333333333333,0.4,0.3
drift-straight,no_border,0.5257067553920508,0.19448346435378006,-0.3312232910382707,50,00028,0.000805306945023565,00027,-0.9875720754471121,0.3333333333333333,0.3333333333333333,0.0,0.3333333333333333,0.4,0.3
drift-straight,no_silhouette,0.5257067553920508,0.19037633266592194,-0.33533042272612884,50,00019,0.36995249406175773,00027,-0.9875720754471121,0.3333333333333333,0.3333333333333333,0.3333333333333333,0.0,0.4,0.3
drift-turn,default_full,0.36528443080719775,0.48901936438844684,0.12373493358124911,64,00041,0.9742924004577832,00059,-0.3606493173877917,0.25,0.25,0.25,0.25,0.4,0.3
drift-turn,no_area,0.36528443080719775,0.575614227844285,0.21032979703708726,64,00000,0.972628377588022,00052,-0.005179283307847227,0.0,0.3333333333333333,0.3333333333333333,0.3333333333333333,0.4,0.3
drift-turn,no_center,0.36528443080719775,0.5337516247079632,0.1684671939007655,64,00041,0.9742924004577832,00059,-0.3606493173877917,0.3333333333333333,0.0,0.3333333333333333,0.3333333333333333,0.4,0.3
drift-turn,no_border,0.36528443080719775,0.5039801216413006,0.13869569083410282,64,00041,0.9742924004577832,00059,-0.3606493173877917,0.3333333333333333,0.3333333333333333,0.0,0.3333333333333333,0.4,0.3
drift-turn,no_silhouette,0.36528443080719775,0.4564147277644436,0.09113029695724587,64,00041,0.9714795008912656,00060,-0.7125188253523878,0.3333333333333333,0.3333333333333333,0.3333333333333333,0.0,0.4,0.3
elephant,default_full,0.9647892339167464,0.9634170844313719,-0.0013721494853746353,80,00012,0.018145573203235066,00055,-0.01872514880033327,0.25,0.25,0.25,0.25,0.4,0.3
elephant,no_area,0.9647892339167464,0.9423290754733546,-0.0224601584433919,80,00012,0.018145573203235066,00007,-0.4855951008992522,0.0,0.3333333333333333,0.3333333333333333,0.3333333333333333,0.4,0.3
elephant,no_center,0.9647892339167464,0.9634170844313719,-0.0013721494853746353,80,00012,0.018145573203235066,00055,-0.01872514880033327,0.3333333333333333,0.0,0.3333333333333333,0.3333333333333333,0.4,0.3
elephant,no_border,0.9647892339167464,0.9634170844313719,-0.0013721494853746353,80,00012,0.018145573203235066,00055,-0.01872514880033327,0.3333333333333333,0.3333333333333333,0.0,0.3333333333333333,0.4,0.3
elephant,no_silhouette,0.9647892339167464,0.9634170844313719,-0.0013721494853746353,80,00012,0.018145573203235066,00055,-0.01872514880033327,0.3333333333333333,0.3333333333333333,0.3333333333333333,0.0,0.4,0.3
flamingo,default_full,0.04794744714123153,0.911230620455887,0.8632831733146553,80,00005,0.9689596952249016,00075,-0.011363578950911002,0.25,0.25,0.25,0.25,0.4,0.3
flamingo,no_area,0.04794744714123153,0.6837621090090863,0.6358146618678548,80,00002,0.9631995262467746,00003,-0.9609513367630935,0.0,0.3333333333333333,0.3333333333333333,0.3333333333333333,0.4,0.3
flamingo,no_center,0.04794744714123153,0.6481211018468677,0.6001736547056362,80,00028,0.956498673740053,00003,-0.9609513367630935,0.3333333333333333,0.0,0.3333333333333333,0.3333333333333333,0.4,0.3
flamingo,no_border,0.04794744714123153,0.36270665265291946,0.31475920551168796,80,00004,0.9628416242779549,00075,-0.011363578950911002,0.3333333333333333,0.3333333333333333,0.0,0.3333333333333333,0.4,0.3
flamingo,no_silhouette,0.04794744714123153,0.9500693843593723,0.9021219372181408,80,00005,0.9689596952249016,00075,-0.011363578950911002,0.3333333333333333,0.3333333333333333,0.3333333333333333,0.0,0.4,0.3
goat,default_full,0.9217250088145996,0.9258632397081358,0.004138230893536057,90,00023,0.024942407405462386,00083,-0.011785293734542734,0.25,0.25,0.25,0.25,0.4,0.3
goat,no_area,0.9217250088145996,0.9246885427419289,0.0029635339273294376,90,00023,0.024942407405462386,00016,-0.047330707520963355,0.0,0.3333333333333333,0.3333333333333333,0.3333333333333333,0.4,0.3
goat,no_center,0.9217250088145996,0.9258632397081358,0.004138230893536057,90,00023,0.024942407405462386,00083,-0.011785293734542734,0.3333333333333333,0.0,0.3333333333333333,0.3333333333333333,0.4,0.3
goat,no_border,0.9217250088145996,0.9258632397081358,0.004138230893536057,90,00023,0.024942407405462386,00083,-0.011785293734542734,0.3333333333333333,0.3333333333333333,0.0,0.3333333333333333,0.4,0.3
goat,no_silhouette,0.9217250088145996,0.9260231399639063,0.004298131149306676,90,00015,0.029130972586951187,00083,-0.011785293734542734,0.3333333333333333,0.3333333333333333,0.3333333333333333,0.0,0.4,0.3
hike,default_full,0.8968661560700536,0.767834659723374,-0.12903149634667968,80,00035,0.960821178739738,00048,-0.9647369345283717,0.25,0.25,0.25,0.25,0.4,0.3
hike,no_area,0.8968661560700536,0.9601667558789323,0.06330059980887867,80,00035,0.960821178739738,00075,-0.0018932497283726812,0.0,0.3333333333333333,0.3333333333333333,0.3333333333333333,0.4,0.3
hike,no_center,0.8968661560700536,0.719920310101352,-0.17694584596870172,80,00035,0.960821178739738,00048,-0.9647369345283717,0.3333333333333333,0.0,0.3333333333333333,0.3333333333333333,0.4,0.3
hike,no_border,0.8968661560700536,0.023851104451246042,-0.8730150516188075,80,00017,0.00242701060220607,00060,-0.9660133557739291,0.3333333333333333,0.3333333333333333,0.0,0.3333333333333333,0.4,0.3
hike,no_silhouette,0.8968661560700536,0.5403128560210744,-0.3565533000489792,80,00035,0.960821178739738,00075,-0.9658119658119658,0.3333333333333333,0.3333333333333333,0.3333333333333333,0.0,0.4,0.3
hockey,default_full,0.06340712066595744,0.11803197117116189,0.05462485050520441,75,00074,0.40673376278423135,00006,-0.00953974059704904,0.25,0.25,0.25,0.25,0.4,0.3
hockey,no_area,0.06340712066595744,0.11752425460547926,0.054117133939521764,75,00074,0.40673376278423135,00006,-0.00953974059704904,0.0,0.3333333333333333,0.3333333333333333,0.3333333333333333,0.4,0.3
hockey,no_center,0.06340712066595744,0.11620742462670611,0.05280030396074864,75,00074,0.40673376278423135,00006,-0.00953974059704904,0.3333333333333333,0.0,0.3333333333333333,0.3333333333333333,0.4,0.3
hockey,no_border,0.06340712066595744,0.11601842776683377,0.05261130710087632,75,00074,0.40673376278423135,00006,-0.00953974059704904,0.3333333333333333,0.3333333333333333,0.0,0.3333333333333333,0.4,0.3
hockey,no_silhouette,0.06340712066595744,0.12201096695830091,0.058603846292343435,75,00074,0.40673376278423135,00059,-0.004865722954727564,0.3333333333333333,0.3333333333333333,0.3333333333333333,0.0,0.4,0.3
horsejump-high,default_full,0.61485611115469,0.7153183733627638,0.10046226220807387,50,00036,0.5712615880718053,00001,-0.4975248545593264,0.25,0.25,0.25,0.25,0.4,0.3
horsejump-high,no_area,0.61485611115469,0.6117504385503391,-0.003105672604350893,50,00007,0.5550971180971781,00027,-0.5334237974583246,0.0,0.3333333333333333,0.3333333333333333,0.3333333333333333,0.4,0.3
horsejump-high,no_center,0.61485611115469,0.7153183733627638,0.10046226220807387,50,00036,0.5712615880718053,00001,-0.4975248545593264,0.3333333333333333,0.0,0.3333333333333333,0.3333333333333333,0.4,0.3
horsejump-high,no_border,0.61485611115469,0.6608420865126987,0.045985975358008836,50,00017,0.5569038633967831,00026,-0.5223776919520763,0.3333333333333333,0.3333333333333333,0.0,0.3333333333333333,0.4,0.3
horsejump-high,no_silhouette,0.61485611115469,0.7383951009763582,0.12353898982166822,50,00036,0.5712615880718053,00042,0.0016748903799945758,0.3333333333333333,0.3333333333333333,0.3333333333333333,0.0,0.4,0.3
horsejump-low,default_full,0.7110029417267086,0.7307337308432047,0.019730789116495808,60,00033,0.5540519649354703,00059,-0.04263055797343185,0.25,0.25,0.25,0.25,0.4,0.3
horsejump-low,no_area,0.7110029417267086,0.7157073431435492,0.004704401416840424,60,00036,0.0544272123714884,00028,-0.0648732034849494,0.0,0.3333333333333333,0.3333333333333333,0.3333333333333333,0.4,0.3
horsejump-low,no_center,0.7110029417267086,0.7288795322129853,0.01787659048627636,60,00033,0.5540519649354703,00028,-0.0648732034849494,0.3333333333333333,0.0,0.3333333333333333,0.3333333333333333,0.4,0.3
horsejump-low,no_border,0.7110029417267086,0.7217695163705339,0.010766574643824986,60,00036,0.0544272123714884,00059,-0.04263055797343185,0.3333333333333333,0.3333333333333333,0.0,0.3333333333333333,0.4,0.3
horsejump-low,no_silhouette,0.7110029417267086,0.7319646420084136,0.02096170028170463,60,00033,0.5540519649354703,00024,-0.07755019566514931,0.3333333333333333,0.3333333333333333,0.3333333333333333,0.0,0.4,0.3
kite-surf,default_full,0.35101505684722817,0.2597670555914036,-0.09124800125582448,50,00037,0.21735585323238207,00046,-0.7451086956521739,0.25,0.25,0.25,0.25,0.4,0.3
kite-surf,no_area,0.35101505684722817,0.2597674203347256,-0.09124763651250252,50,00037,0.21735585323238207,00046,-0.7451086956521739,0.0,0.3333333333333333,0.3333333333333333,0.3333333333333333,0.4,0.3
kite-surf,no_center,0.35101505684722817,0.23295755910383842,-0.11805749774338974,50,00037,0.21735585323238207,00046,-0.7451086956521739,0.3333333333333333,0.0,0.3333333333333333,0.3333333333333333,0.4,0.3
kite-surf,no_border,0.35101505684722817,0.26000789271791314,-0.09100716412931499,50,00037,0.21735585323238207,00046,-0.7451086956521739,0.3333333333333333,0.3333333333333333,0.0,0.3333333333333333,0.4,0.3
kite-surf,no_silhouette,0.35101505684722817,0.2625654508990599,-0.08844960594816823,50,00037,0.21735585323238207,00046,-0.7451086956521739,0.3333333333333333,0.3333333333333333,0.3333333333333333,0.0,0.4,0.3
kite-walk,default_full,0.387476155969621,0.33078458758577695,-0.05669156838384408,80,00079,0.41302387897071746,00026,-0.42559896093356675,0.25,0.25,0.25,0.25,0.4,0.3
kite-walk,no_area,0.387476155969621,0.2794380579889622,-0.1080380979806588,80,00079,0.41302387897071746,00026,-0.42559896093356675,0.0,0.3333333333333333,0.3333333333333333,0.3333333333333333,0.4,0.3
kite-walk,no_center,0.387476155969621,0.34729250384650623,-0.04018365212311476,80,00079,0.41302387897071746,00020,-0.4090580000015467,0.3333333333333333,0.0,0.3333333333333333,0.3333333333333333,0.4,0.3
kite-walk,no_border,0.387476155969621,0.4308188724151648,0.043342716445543904,80,00079,0.41302387897071746,00000,-0.003302030652894361,0.3333333333333333,0.3333333333333333,0.0,0.3333333333333333,0.4,0.3
kite-walk,no_silhouette,0.387476155969621,0.2897172635760045,-0.09775889239361649,80,00049,0.5875322936643198,00025,-0.42160552025634834,0.3333333333333333,0.3333333333333333,0.3333333333333333,0.0,0.4,0.3
libby,default_full,0.838808586022113,0.8873137550285317,0.04850516900641871,49,00037,0.831465579973803,00031,-0.06622320896044653,0.25,0.25,0.25,0.25,0.4,0.3
libby,no_area,0.838808586022113,0.8688628309615846,0.030054244939471602,49,00037,0.831465579973803,00024,-0.7260123643808658,0.0,0.3333333333333333,0.3333333333333333,0.3333333333333333,0.4,0.3
libby,no_center,0.838808586022113,0.7902485381886593,-0.04856004783345375,49,00037,0.831465579973803,00001,-0.9361853142340947,0.3333333333333333,0.0,0.3333333333333333,0.3333333333333333,0.4,0.3
libby,no_border,0.838808586022113,0.8870341124106534,0.04822552638854042,49,00037,0.831465579973803,00031,-0.06622320896044653,0.3333333333333333,0.3333333333333333,0.0,0.3333333333333333,0.4,0.3
libby,no_silhouette,0.838808586022113,0.8834068245672387,0.04459823854512568,49,00035,0.8539654010334756,00031,-0.5516455223082637,0.3333333333333333,0.3333333333333333,0.3333333333333333,0.0,0.4,0.3
lucia,default_full,0.1585896791718402,0.5076605405009348,0.34907086132909465,70,00046,0.959226455636497,00063,-0.7246697364563385,0.25,0.25,0.25,0.25,0.4,0.3
lucia,no_area,0.1585896791718402,0.5038840272716275,0.3452943480997873,70,00046,0.959226455636497,00063,-0.7246697364563385,0.0,0.3333333333333333,0.3333333333333333,0.3333333333333333,0.4,0.3
lucia,no_center,0.1585896791718402,0.3994701669785746,0.24088048780673446,70,00025,0.9295135441781308,00063,-0.7246697364563385,0.3333333333333333,0.0,0.3333333333333333,0.3333333333333333,0.4,0.3
lucia,no_border,0.1585896791718402,0.6307569123260017,0.4721672331541616,70,00062,0.9646980256385098,00063,-0.8743586944656697,0.3333333333333333,0.3333333333333333,0.0,0.3333333333333333,0.4,0.3
lucia,no_silhouette,0.1585896791718402,0.6218964370889222,0.46330675791708203,70,00046,0.959226455636497,00063,-0.8743586944656697,0.3333333333333333,0.3333333333333333,0.3333333333333333,0.0,0.4,0.3
mallard-fly,default_full,0.8742370588384356,0.871859457584743,-0.00237760125369275,70,00069,0.6974461597103107,00055,-0.42265284467370356,0.25,0.25,0.25,0.25,0.4,0.3
mallard-fly,no_area,0.8742370588384356,0.8452726850373495,-0.0289643738010861,70,00069,0.6974461597103107,00038,-0.7100383046490643,0.0,0.3333333333333333,0.3333333333333333,0.3333333333333333,0.4,0.3
mallard-fly,no_center,0.8742370588384356,0.8547313766670579,-0.01950568217137789,70,00069,0.6974461597103107,00068,-0.8450985283112996,0.3333333333333333,0.0,0.3333333333333333,0.3333333333333333,0.4,0.3
mallard-fly,no_border,0.8742370588384356,0.8583519955882941,-0.01588506325014165,70,00069,0.6974461597103107,00068,-0.8450985283112996,0.3333333333333333,0.3333333333333333,0.0,0.3333333333333333,0.4,0.3
mallard-fly,no_silhouette,0.8742370588384356,0.8254758536956793,-0.04876120514275645,70,00069,0.6974461597103107,00031,-0.682079146313979,0.3333333333333333,0.3333333333333333,0.3333333333333333,0.0,0.4,0.3
mallard-water,default_full,1.5103043264647873e-06,0.946624280037296,0.9466227697329697,80,00009,0.9640221402214022,00068,0.9243621292578682,0.25,0.25,0.25,0.25,0.4,0.3
mallard-water,no_area,1.5103043264647873e-06,0.9383768901804139,0.9383753798760873,80,00009,0.97009096960284,00073,0.7996564838670102,0.0,0.3333333333333333,0.3333333333333333,0.3333333333333333,0.4,0.3
mallard-water,no_center,1.5103043264647873e-06,0.946624280037296,0.9466227697329697,80,00009,0.9640221402214022,00068,0.9243621292578682,0.3333333333333333,0.0,0.3333333333333333,0.3333333333333333,0.4,0.3
mallard-water,no_border,1.5103043264647873e-06,0.6019430338734157,0.6019415235690893,80,00061,0.9546319796954315,00079,-1.234034676374406e-05,0.3333333333333333,0.3333333333333333,0.0,0.3333333333333333,0.4,0.3
mallard-water,no_silhouette,1.5103043264647873e-06,0.922924936907038,0.9229234266027115,80,00009,0.9640221402214022,00029,-4.936540768421936e-06,0.3333333333333333,0.3333333333333333,0.3333333333333333,0.0,0.4,0.3
motocross-bumps,default_full,0.319962235745409,0.43088011873949594,0.11091788299408697,60,00054,0.948183169615738,00048,-0.046593890770250446,0.25,0.25,0.25,0.25,0.4,0.3
motocross-bumps,no_area,0.319962235745409,0.5665464687230878,0.2465842329776788,60,00054,0.948183169615738,00048,-0.407109370382014,0.0,0.3333333333333333,0.3333333333333333,0.3333333333333333,0.4,0.3
motocross-bumps,no_center,0.319962235745409,0.43690634373910736,0.1169441079936984,60,00054,0.948183169615738,00048,-0.046593890770250446,0.3333333333333333,0.0,0.3333333333333333,0.3333333333333333,0.4,0.3
motocross-bumps,no_border,0.319962235745409,0.42480545392504293,0.10484321817963393,60,00054,0.948183169615738,00058,-0.3485161023443186,0.3333333333333333,0.3333333333333333,0.0,0.3333333333333333,0.4,0.3
motocross-bumps,no_silhouette,0.319962235745409,0.43837727146230204,0.11841503571689307,60,00054,0.948183169615738,00034,-0.03524699094328454,0.3333333333333333,0.3333333333333333,0.3333333333333333,0.0,0.4,0.3
motocross-jump,default_full,0.7585540734423437,0.7670230696353492,0.008468996193005387,40,00025,0.17162094716002596,00013,-0.025719703573157227,0.25,0.25,0.25,0.25,0.4,0.3
motocross-jump,no_area,0.7585540734423437,0.7094519892335144,-0.04910208420882935,40,00000,0.5272163179612549,00038,-0.5021703444296317,0.0,0.3333333333333333,0.3333333333333333,0.3333333333333333,0.4,0.3
motocross-jump,no_center,0.7585540734423437,0.768763726567329,0.010209653124985266,40,00025,0.17162094716002596,00013,-0.025719703573157227,0.3333333333333333,0.0,0.3333333333333333,0.3333333333333333,0.4,0.3
motocross-jump,no_border,0.7585540734423437,0.768763726567329,0.010209653124985266,40,00025,0.17162094716002596,00013,-0.025719703573157227,0.3333333333333333,0.3333333333333333,0.0,0.3333333333333333,0.4,0.3
motocross-jump,no_silhouette,0.7585540734423437,0.6904109918743075,-0.06814308156803618,40,00025,0.17162094716002596,00020,-0.6152171171182192,0.3333333333333333,0.3333333333333333,0.3333333333333333,0.0,0.4,0.3
motorbike,default_full,0.648895389805103,0.7894007196609032,0.1405053298558001,43,00021,0.2850473293429746,00023,-0.007913894105719022,0.25,0.25,0.25,0.25,0.4,0.3
motorbike,no_area,0.648895389805103,0.7894007196609032,0.1405053298558001,43,00021,0.2850473293429746,00023,-0.007913894105719022,0.0,0.3333333333333333,0.3333333333333333,0.3333333333333333,0.4,0.3
motorbike,no_center,0.648895389805103,0.7894007196609032,0.1405053298558001,43,00021,0.2850473293429746,00023,-0.007913894105719022,0.3333333333333333,0.0,0.3333333333333333,0.3333333333333333,0.4,0.3
motorbike,no_border,0.648895389805103,0.7894007196609032,0.1405053298558001,43,00021,0.2850473293429746,00023,-0.007913894105719022,0.3333333333333333,0.3333333333333333,0.0,0.3333333333333333,0.4,0.3
motorbike,no_silhouette,0.648895389805103,0.795908262087645,0.14701287228254198,43,00021,0.2850473293429746,00002,0.0,0.3333333333333333,0.3333333333333333,0.3333333333333333,0.0,0.4,0.3
paragliding,default_full,0.8848369650107984,0.8692470685882459,-0.015589896422552622,70,00044,0.003618365741889007,00034,-0.7844453497817846,0.25,0.25,0.25,0.25,0.4,0.3
paragliding,no_area,0.8848369650107984,0.8597585066155481,-0.02507845839525033,70,00038,0.005841527439866767,00034,-0.7844453497817846,0.0,0.3333333333333333,0.3333333333333333,0.3333333333333333,0.4,0.3
paragliding,no_center,0.8848369650107984,0.8800692823485181,-0.00476768266228027,70,00044,0.003618365741889007,00019,-0.009883395482777835,0.3333333333333333,0.0,0.3333333333333333,0.3333333333333333,0.4,0.3
paragliding,no_border,0.8848369650107984,0.880069746847831,-0.004767218162967335,70,00044,0.003618365741889007,00019,-0.009883395482777835,0.3333333333333333,0.3333333333333333,0.0,0.3333333333333333,0.4,0.3
paragliding,no_silhouette,0.8848369650107984,0.876115366866288,-0.008721598144510392,70,00059,0.07455358790441635,00034,-0.8103503715232151,0.3333333333333333,0.3333333333333333,0.3333333333333333,0.0,0.4,0.3
paragliding-launch,default_full,0.5521277065020153,0.49026974765488196,-0.0618579588471332,80,00014,0.5446444063385785,00004,-0.786925654516816,0.25,0.25,0.25,0.25,0.4,0.3
paragliding-launch,no_area,0.5521277065020153,0.46497031544292133,-0.0871573910590939,80,00009,0.08196762356371273,00004,-0.786925654516816,0.0,0.3333333333333333,0.3333333333333333,0.3333333333333333,0.4,0.3
paragliding-launch,no_center,0.5521277065020153,0.4786355331330793,-0.07349217336893586,80,00048,0.27377898268991735,00004,-0.786925654516816,0.3333333333333333,0.0,0.3333333333333333,0.3333333333333333,0.4,0.3
paragliding-launch,no_border,0.5521277065020153,0.5022993078680283,-0.04982839863398679,80,00014,0.5446444063385785,00056,-0.4240442030810476,0.3333333333333333,0.3333333333333333,0.0,0.3333333333333333,0.4,0.3
paragliding-launch,no_silhouette,0.5521277065020153,0.5253382215011744,-0.02678948500084074,80,00005,0.5819913765041203,00060,-0.43204438835602593,0.3333333333333333,0.3333333333333333,0.3333333333333333,0.0,0.4,0.3
parkour,default_full,0.35651202308055985,0.0771679530704411,-0.27934407001011874,100,00087,0.9599896913858643,00073,-0.9793908861918937,0.25,0.25,0.25,0.25,0.4,0.3
parkour,no_area,0.35651202308055985,0.5920516978366572,0.2355396747560975,100,00086,0.9755870418412825,00077,-0.9696612086345086,0.0,0.3333333333333333,0.3333333333333333,0.3333333333333333,0.4,0.3
parkour,no_center,0.35651202308055985,0.00012963769064563583,-0.35638238538991424,100,00081,0.0004112508829605113,00073,-0.9793908861918937,0.3333333333333333,0.0,0.3333333333333333,0.3333333333333333,0.4,0.3
parkour,no_border,0.35651202308055985,0.009725655290707444,-0.34678636778985245,100,00087,0.9599896913858643,00073,-0.9793908861918937,0.3333333333333333,0.3333333333333333,0.0,0.3333333333333333,0.4,0.3
parkour,no_silhouette,0.35651202308055985,0.038767689461304544,-0.3177443336192553,100,00037,0.9500066717075123,00073,-0.9793908861918937,0.3333333333333333,0.3333333333333333,0.3333333333333333,0.0,0.4,0.3
rhino,default_full,0.9800650118225802,0.9761331889145546,-0.003931822908025628,90,00041,0.0049339100784523415,00054,-0.04934191450970371,0.25,0.25,0.25,0.25,0.4,0.3
rhino,no_area,0.9800650118225802,0.9762120464676263,-0.0038529653549539138,90,00018,0.0027508649513208194,00054,-0.04934191450970371,0.0,0.3333333333333333,0.3333333333333333,0.3333333333333333,0.4,0.3
rhino,no_center,0.9800650118225802,0.976273351154327,-0.003791660668253226,90,00041,0.0049339100784523415,00054,-0.04934191450970371,0.3333333333333333,0.0,0.3333333333333333,0.3333333333333333,0.4,0.3
rhino,no_border,0.9800650118225802,0.9761948129023471,-0.0038701989202330825,90,00041,0.0049339100784523415,00054,-0.04934191450970371,0.3333333333333333,0.3333333333333333,0.0,0.3333333333333333,0.4,0.3
rhino,no_silhouette,0.9800650118225802,0.9779679294092901,-0.002097082413289946,90,00041,0.0049339100784523415,00042,-0.012686607309208786,0.3333333333333333,0.3333333333333333,0.3333333333333333,0.0,0.4,0.3
